"('pastry', 'whole milk')","[({'pastry'}, {'whole milk'}), ({'whole milk'}, {'pastry'})]"
"('pastry', 'sausage')","[({'pastry'}, {'sausage'}), ({'sausage'}, {'pastry'})]"
"('pastry', 'yogurt')","[({'pastry'}, {'yogurt'}), ({'yogurt'}, {'pastry'})]"
"('pastry', 'soda')","[({'pastry'}, {'soda'}), ({'soda'}, {'pastry'})]"
"('pastry', 'canned beer')","[({'pastry'}, {'canned beer'}), ({'canned beer'}, {'pastry'})]"
"('pastry', 'rolls/buns')","[({'pastry'}, {'rolls/buns'}), ({'rolls/buns'}, {'pastry'})]"
"('pastry', 'frankfurter')","[({'pastry'}, {'frankfurter'}), ({'frankfurter'}, {'pastry'})]"
"('pastry', 'whipped/sour cream')","[({'pastry'}, {'whipped/sour cream'}), ({'whipped/sour cream'}, {'pastry'})]"
"('pastry', 'beef')","[({'pastry'}, {'beef'}), ({'beef'}, {'pastry'})]"
"('pastry', 'curd')","[({'pastry'}, {'curd'}), ({'curd'}, {'pastry'})]"
"('pastry', 'other vegetables')","[({'pastry'}, {'other vegetables'}), ({'other vegetables'}, {'pastry'})]"
"('pastry', 'butter')","[({'pastry'}, {'butter'}), ({'butter'}, {'pastry'})]"
"('pastry', 'tropical fruit')","[({'pastry'}, {'tropical fruit'}), ({'tropical fruit'}, {'pastry'})]"
"('pastry', 'root vegetables')","[({'pastry'}, {'root vegetables'}), ({'root vegetables'}, {'pastry'})]"
"('pastry', 'pip fruit')","[({'pastry'}, {'pip fruit'}), ({'pip fruit'}, {'pastry'})]"
"('pastry', 'shopping bags')","[({'pastry'}, {'shopping bags'}), ({'shopping bags'}, {'pastry'})]"
"('pastry', 'margarine')","[({'pastry'}, {'margarine'}), ({'margarine'}, {'pastry'})]"
"('pastry', 'bottled water')","[({'pastry'}, {'bottled water'}), ({'bottled water'}, {'pastry'})]"
"('pastry', 'bottled beer')","[({'pastry'}, {'bottled beer'}), ({'bottled beer'}, {'pastry'})]"
"('pastry', 'chicken')","[({'pastry'}, {'chicken'}), ({'chicken'}, {'pastry'})]"
"('pastry', 'domestic eggs')","[({'pastry'}, {'domestic eggs'}), ({'domestic eggs'}, {'pastry'})]"
"('pastry', 'hamburger meat')","[({'pastry'}, {'hamburger meat'}), ({'hamburger meat'}, {'pastry'})]"
"('pastry', 'newspapers')","[({'pastry'}, {'newspapers'}), ({'newspapers'}, {'pastry'})]"
"('pastry', 'coffee')","[({'pastry'}, {'coffee'}), ({'coffee'}, {'pastry'})]"
"('pastry', 'citrus fruit')","[({'pastry'}, {'citrus fruit'}), ({'citrus fruit'}, {'pastry'})]"
"('pastry', 'brown bread')","[({'pastry'}, {'brown bread'}), ({'brown bread'}, {'pastry'})]"
"('pastry', 'napkins')","[({'pastry'}, {'napkins'}), ({'napkins'}, {'pastry'})]"
"('pastry', 'fruit/vegetable juice')","[({'pastry'}, {'fruit/vegetable juice'}), ({'fruit/vegetable juice'}, {'pastry'})]"
"('pastry', 'berries')","[({'pastry'}, {'berries'}), ({'berries'}, {'pastry'})]"
"('pastry', 'pork')","[({'pastry'}, {'pork'}), ({'pork'}, {'pastry'})]"
"('salty snack', 'whole milk')","[({'salty snack'}, {'whole milk'}), ({'whole milk'}, {'salty snack'})]"
"('salty snack', 'sausage')","[({'salty snack'}, {'sausage'}), ({'sausage'}, {'salty snack'})]"
"('salty snack', 'yogurt')","[({'salty snack'}, {'yogurt'}), ({'yogurt'}, {'salty snack'})]"
"('salty snack', 'soda')","[({'salty snack'}, {'soda'}), ({'soda'}, {'salty snack'})]"
"('salty snack', 'canned beer')","[({'salty snack'}, {'canned beer'}), ({'canned beer'}, {'salty snack'})]"
"('salty snack', 'rolls/buns')","[({'salty snack'}, {'rolls/buns'}), ({'rolls/buns'}, {'salty snack'})]"
"('salty snack', 'other vegetables')","[({'salty snack'}, {'other vegetables'}), ({'other vegetables'}, {'salty snack'})]"
"('salty snack', 'tropical fruit')","[({'salty snack'}, {'tropical fruit'}), ({'tropical fruit'}, {'salty snack'})]"
"('salty snack', 'root vegetables')","[({'salty snack'}, {'root vegetables'}), ({'root vegetables'}, {'salty snack'})]"
"('whole milk', 'sausage')","[({'whole milk'}, {'sausage'}), ({'sausage'}, {'whole milk'})]"
"('whole milk', 'semi-finished bread')","[({'whole milk'}, {'semi-finished bread'}), ({'semi-finished bread'}, {'whole milk'})]"
"('whole milk', 'yogurt')","[({'whole milk'}, {'yogurt'}), ({'yogurt'}, {'whole milk'})]"
"('whole milk', 'pickled vegetables')","[({'whole milk'}, {'pickled vegetables'}), ({'pickled vegetables'}, {'whole milk'})]"
"('whole milk', 'soda')","[({'whole milk'}, {'soda'}), ({'soda'}, {'whole milk'})]"
"('whole milk', 'canned beer')","[({'whole milk'}, {'canned beer'}), ({'canned beer'}, {'whole milk'})]"
"('whole milk', 'misc. beverages')","[({'whole milk'}, {'misc. beverages'}), ({'misc. beverages'}, {'whole milk'})]"
"('whole milk', 'hygiene articles')","[({'whole milk'}, {'hygiene articles'}), ({'hygiene articles'}, {'whole milk'})]"
"('whole milk', 'rolls/buns')","[({'whole milk'}, {'rolls/buns'}), ({'rolls/buns'}, {'whole milk'})]"
"('whole milk', 'frankfurter')","[({'whole milk'}, {'frankfurter'}), ({'frankfurter'}, {'whole milk'})]"
"('whole milk', 'whipped/sour cream')","[({'whole milk'}, {'whipped/sour cream'}), ({'whipped/sour cream'}, {'whole milk'})]"
"('whole milk', 'beef')","[({'whole milk'}, {'beef'}), ({'beef'}, {'whole milk'})]"
"('whole milk', 'white bread')","[({'whole milk'}, {'white bread'}), ({'white bread'}, {'whole milk'})]"
"('whole milk', 'curd')","[({'whole milk'}, {'curd'}), ({'curd'}, {'whole milk'})]"
"('whole milk', 'frozen vegetables')","[({'whole milk'}, {'frozen vegetables'}), ({'frozen vegetables'}, {'whole milk'})]"
"('whole milk', 'other vegetables')","[({'whole milk'}, {'other vegetables'}), ({'other vegetables'}, {'whole milk'})]"
"('whole milk', 'butter')","[({'whole milk'}, {'butter'}), ({'butter'}, {'whole milk'})]"
"('whole milk', 'sugar')","[({'whole milk'}, {'sugar'}), ({'sugar'}, {'whole milk'})]"
"('whole milk', 'tropical fruit')","[({'whole milk'}, {'tropical fruit'}), ({'tropical fruit'}, {'whole milk'})]"
"('whole milk', 'butter milk')","[({'whole milk'}, {'butter milk'}), ({'butter milk'}, {'whole milk'})]"
"('whole milk', 'specialty chocolate')","[({'whole milk'}, {'specialty chocolate'}), ({'specialty chocolate'}, {'whole milk'})]"
"('whole milk', 'frozen meals')","[({'whole milk'}, {'frozen meals'}), ({'frozen meals'}, {'whole milk'})]"
"('whole milk', 'detergent')","[({'whole milk'}, {'detergent'}), ({'detergent'}, {'whole milk'})]"
"('whole milk', 'root vegetables')","[({'whole milk'}, {'root vegetables'}), ({'root vegetables'}, {'whole milk'})]"
"('whole milk', 'pip fruit')","[({'whole milk'}, {'pip fruit'}), ({'pip fruit'}, {'whole milk'})]"
"('whole milk', 'chocolate')","[({'whole milk'}, {'chocolate'}), ({'chocolate'}, {'whole milk'})]"
"('whole milk', 'frozen fish')","[({'whole milk'}, {'frozen fish'}), ({'frozen fish'}, {'whole milk'})]"
"('whole milk', 'shopping bags')","[({'whole milk'}, {'shopping bags'}), ({'shopping bags'}, {'whole milk'})]"
"('whole milk', 'margarine')","[({'whole milk'}, {'margarine'}), ({'margarine'}, {'whole milk'})]"
"('whole milk', 'bottled water')","[({'whole milk'}, {'bottled water'}), ({'bottled water'}, {'whole milk'})]"
"('whole milk', 'bottled beer')","[({'whole milk'}, {'bottled beer'}), ({'bottled beer'}, {'whole milk'})]"
"('whole milk', 'chicken')","[({'whole milk'}, {'chicken'}), ({'chicken'}, {'whole milk'})]"
"('whole milk', 'flour')","[({'whole milk'}, {'flour'}), ({'flour'}, {'whole milk'})]"
"('whole milk', 'domestic eggs')","[({'whole milk'}, {'domestic eggs'}), ({'domestic eggs'}, {'whole milk'})]"
"('whole milk', 'white wine')","[({'whole milk'}, {'white wine'}), ({'white wine'}, {'whole milk'})]"
"('whole milk', 'dessert')","[({'whole milk'}, {'dessert'}), ({'dessert'}, {'whole milk'})]"
"('whole milk', 'hamburger meat')","[({'whole milk'}, {'hamburger meat'}), ({'hamburger meat'}, {'whole milk'})]"
"('whole milk', 'herbs')","[({'whole milk'}, {'herbs'}), ({'herbs'}, {'whole milk'})]"
"('whole milk', 'newspapers')","[({'whole milk'}, {'newspapers'}), ({'newspapers'}, {'whole milk'})]"
"('whole milk', 'UHT-milk')","[({'whole milk'}, {'UHT-milk'}), ({'UHT-milk'}, {'whole milk'})]"
"('whole milk', 'coffee')","[({'whole milk'}, {'coffee'}), ({'coffee'}, {'whole milk'})]"
"('whole milk', 'sliced cheese')","[({'whole milk'}, {'sliced cheese'}), ({'sliced cheese'}, {'whole milk'})]"
"('whole milk', 'specialty bar')","[({'whole milk'}, {'specialty bar'}), ({'specialty bar'}, {'whole milk'})]"
"('whole milk', 'candy')","[({'whole milk'}, {'candy'}), ({'candy'}, {'whole milk'})]"
"('whole milk', 'citrus fruit')","[({'whole milk'}, {'citrus fruit'}), ({'citrus fruit'}, {'whole milk'})]"
"('whole milk', 'grapes')","[({'whole milk'}, {'grapes'}), ({'grapes'}, {'whole milk'})]"
"('whole milk', 'brown bread')","[({'whole milk'}, {'brown bread'}), ({'brown bread'}, {'whole milk'})]"
"('whole milk', 'processed cheese')","[({'whole milk'}, {'processed cheese'}), ({'processed cheese'}, {'whole milk'})]"
"('whole milk', 'onions')","[({'whole milk'}, {'onions'}), ({'onions'}, {'whole milk'})]"
"('whole milk', 'hard cheese')","[({'whole milk'}, {'hard cheese'}), ({'hard cheese'}, {'whole milk'})]"
"('whole milk', 'napkins')","[({'whole milk'}, {'napkins'}), ({'napkins'}, {'whole milk'})]"
"('whole milk', 'meat')","[({'whole milk'}, {'meat'}), ({'meat'}, {'whole milk'})]"
"('whole milk', 'fruit/vegetable juice')","[({'whole milk'}, {'fruit/vegetable juice'}), ({'fruit/vegetable juice'}, {'whole milk'})]"
"('whole milk', 'soft cheese')","[({'whole milk'}, {'soft cheese'}), ({'soft cheese'}, {'whole milk'})]"
"('whole milk', 'oil')","[({'whole milk'}, {'oil'}), ({'oil'}, {'whole milk'})]"
"('whole milk', 'beverages')","[({'whole milk'}, {'beverages'}), ({'beverages'}, {'whole milk'})]"
"('whole milk', 'berries')","[({'whole milk'}, {'berries'}), ({'berries'}, {'whole milk'})]"
"('whole milk', 'long life bakery product')","[({'whole milk'}, {'long life bakery product'}), ({'long life bakery product'}, {'whole milk'})]"
"('whole milk', 'cream cheese ')","[({'whole milk'}, {'cream cheese '}), ({'cream cheese '}, {'whole milk'})]"
"('whole milk', 'ham')","[({'whole milk'}, {'ham'}), ({'ham'}, {'whole milk'})]"
"('whole milk', 'pork')","[({'whole milk'}, {'pork'}), ({'pork'}, {'whole milk'})]"
"('whole milk', 'ice cream')","[({'whole milk'}, {'ice cream'}), ({'ice cream'}, {'whole milk'})]"
"('whole milk', 'pot plants')","[({'whole milk'}, {'pot plants'}), ({'pot plants'}, {'whole milk'})]"
"('whole milk', 'waffles')","[({'whole milk'}, {'waffles'}), ({'waffles'}, {'whole milk'})]"
"('whole milk', 'cat food')","[({'whole milk'}, {'cat food'}), ({'cat food'}, {'whole milk'})]"
"('whole milk', 'chewing gum')","[({'whole milk'}, {'chewing gum'}), ({'chewing gum'}, {'whole milk'})]"
"('whole milk', 'pasta')","[({'whole milk'}, {'pasta'}), ({'pasta'}, {'whole milk'})]"
"('sausage', 'yogurt')","[({'sausage'}, {'yogurt'}), ({'yogurt'}, {'sausage'})]"
"('sausage', 'soda')","[({'sausage'}, {'soda'}), ({'soda'}, {'sausage'})]"
"('sausage', 'canned beer')","[({'sausage'}, {'canned beer'}), ({'canned beer'}, {'sausage'})]"
"('sausage', 'misc. beverages')","[({'sausage'}, {'misc. beverages'}), ({'misc. beverages'}, {'sausage'})]"
"('sausage', 'rolls/buns')","[({'sausage'}, {'rolls/buns'}), ({'rolls/buns'}, {'sausage'})]"
"('sausage', 'frankfurter')","[({'sausage'}, {'frankfurter'}), ({'frankfurter'}, {'sausage'})]"
"('sausage', 'whipped/sour cream')","[({'sausage'}, {'whipped/sour cream'}), ({'whipped/sour cream'}, {'sausage'})]"
"('sausage', 'white bread')","[({'sausage'}, {'white bread'}), ({'white bread'}, {'sausage'})]"
"('sausage', 'curd')","[({'sausage'}, {'curd'}), ({'curd'}, {'sausage'})]"
"('sausage', 'frozen vegetables')","[({'sausage'}, {'frozen vegetables'}), ({'frozen vegetables'}, {'sausage'})]"
"('sausage', 'other vegetables')","[({'sausage'}, {'other vegetables'}), ({'other vegetables'}, {'sausage'})]"
"('sausage', 'butter')","[({'sausage'}, {'butter'}), ({'butter'}, {'sausage'})]"
"('sausage', 'tropical fruit')","[({'sausage'}, {'tropical fruit'}), ({'tropical fruit'}, {'sausage'})]"
"('sausage', 'frozen meals')","[({'sausage'}, {'frozen meals'}), ({'frozen meals'}, {'sausage'})]"
"('sausage', 'root vegetables')","[({'sausage'}, {'root vegetables'}), ({'root vegetables'}, {'sausage'})]"
"('sausage', 'pip fruit')","[({'sausage'}, {'pip fruit'}), ({'pip fruit'}, {'sausage'})]"
"('sausage', 'chocolate')","[({'sausage'}, {'chocolate'}), ({'chocolate'}, {'sausage'})]"
"('sausage', 'shopping bags')","[({'sausage'}, {'shopping bags'}), ({'shopping bags'}, {'sausage'})]"
"('sausage', 'margarine')","[({'sausage'}, {'margarine'}), ({'margarine'}, {'sausage'})]"
"('sausage', 'bottled water')","[({'sausage'}, {'bottled water'}), ({'bottled water'}, {'sausage'})]"
"('sausage', 'bottled beer')","[({'sausage'}, {'bottled beer'}), ({'bottled beer'}, {'sausage'})]"
"('sausage', 'chicken')","[({'sausage'}, {'chicken'}), ({'chicken'}, {'sausage'})]"
"('sausage', 'domestic eggs')","[({'sausage'}, {'domestic eggs'}), ({'domestic eggs'}, {'sausage'})]"
"('sausage', 'dessert')","[({'sausage'}, {'dessert'}), ({'dessert'}, {'sausage'})]"
"('sausage', 'newspapers')","[({'sausage'}, {'newspapers'}), ({'newspapers'}, {'sausage'})]"
"('sausage', 'UHT-milk')","[({'sausage'}, {'UHT-milk'}), ({'UHT-milk'}, {'sausage'})]"
"('sausage', 'coffee')","[({'sausage'}, {'coffee'}), ({'coffee'}, {'sausage'})]"
"('sausage', 'sliced cheese')","[({'sausage'}, {'sliced cheese'}), ({'sliced cheese'}, {'sausage'})]"
"('sausage', 'citrus fruit')","[({'sausage'}, {'citrus fruit'}), ({'citrus fruit'}, {'sausage'})]"
"('sausage', 'grapes')","[({'sausage'}, {'grapes'}), ({'grapes'}, {'sausage'})]"
"('sausage', 'brown bread')","[({'sausage'}, {'brown bread'}), ({'brown bread'}, {'sausage'})]"
"('sausage', 'fruit/vegetable juice')","[({'sausage'}, {'fruit/vegetable juice'}), ({'fruit/vegetable juice'}, {'sausage'})]"
"('sausage', 'beverages')","[({'sausage'}, {'beverages'}), ({'beverages'}, {'sausage'})]"
"('sausage', 'long life bakery product')","[({'sausage'}, {'long life bakery product'}), ({'long life bakery product'}, {'sausage'})]"
"('sausage', 'cream cheese ')","[({'sausage'}, {'cream cheese '}), ({'cream cheese '}, {'sausage'})]"
"('sausage', 'pork')","[({'sausage'}, {'pork'}), ({'pork'}, {'sausage'})]"
"('semi-finished bread', 'other vegetables')","[({'semi-finished bread'}, {'other vegetables'}), ({'other vegetables'}, {'semi-finished bread'})]"
"('yogurt', 'soda')","[({'yogurt'}, {'soda'}), ({'soda'}, {'yogurt'})]"
"('yogurt', 'canned beer')","[({'yogurt'}, {'canned beer'}), ({'canned beer'}, {'yogurt'})]"
"('yogurt', 'misc. beverages')","[({'yogurt'}, {'misc. beverages'}), ({'misc. beverages'}, {'yogurt'})]"
"('yogurt', 'rolls/buns')","[({'yogurt'}, {'rolls/buns'}), ({'rolls/buns'}, {'yogurt'})]"
"('yogurt', 'frankfurter')","[({'yogurt'}, {'frankfurter'}), ({'frankfurter'}, {'yogurt'})]"
"('yogurt', 'whipped/sour cream')","[({'yogurt'}, {'whipped/sour cream'}), ({'whipped/sour cream'}, {'yogurt'})]"
"('yogurt', 'beef')","[({'yogurt'}, {'beef'}), ({'beef'}, {'yogurt'})]"
"('yogurt', 'white bread')","[({'yogurt'}, {'white bread'}), ({'white bread'}, {'yogurt'})]"
"('yogurt', 'curd')","[({'yogurt'}, {'curd'}), ({'curd'}, {'yogurt'})]"
"('yogurt', 'frozen vegetables')","[({'yogurt'}, {'frozen vegetables'}), ({'frozen vegetables'}, {'yogurt'})]"
"('yogurt', 'other vegetables')","[({'yogurt'}, {'other vegetables'}), ({'other vegetables'}, {'yogurt'})]"
"('yogurt', 'butter')","[({'yogurt'}, {'butter'}), ({'butter'}, {'yogurt'})]"
"('yogurt', 'tropical fruit')","[({'yogurt'}, {'tropical fruit'}), ({'tropical fruit'}, {'yogurt'})]"
"('yogurt', 'butter milk')","[({'yogurt'}, {'butter milk'}), ({'butter milk'}, {'yogurt'})]"
"('yogurt', 'frozen meals')","[({'yogurt'}, {'frozen meals'}), ({'frozen meals'}, {'yogurt'})]"
"('yogurt', 'detergent')","[({'yogurt'}, {'detergent'}), ({'detergent'}, {'yogurt'})]"
"('yogurt', 'root vegetables')","[({'yogurt'}, {'root vegetables'}), ({'root vegetables'}, {'yogurt'})]"
"('yogurt', 'pip fruit')","[({'yogurt'}, {'pip fruit'}), ({'pip fruit'}, {'yogurt'})]"
"('yogurt', 'chocolate')","[({'yogurt'}, {'chocolate'}), ({'chocolate'}, {'yogurt'})]"
"('yogurt', 'shopping bags')","[({'yogurt'}, {'shopping bags'}), ({'shopping bags'}, {'yogurt'})]"
"('yogurt', 'margarine')","[({'yogurt'}, {'margarine'}), ({'margarine'}, {'yogurt'})]"
"('yogurt', 'bottled water')","[({'yogurt'}, {'bottled water'}), ({'bottled water'}, {'yogurt'})]"
"('yogurt', 'bottled beer')","[({'yogurt'}, {'bottled beer'}), ({'bottled beer'}, {'yogurt'})]"
"('yogurt', 'chicken')","[({'yogurt'}, {'chicken'}), ({'chicken'}, {'yogurt'})]"
"('yogurt', 'domestic eggs')","[({'yogurt'}, {'domestic eggs'}), ({'domestic eggs'}, {'yogurt'})]"
"('yogurt', 'dessert')","[({'yogurt'}, {'dessert'}), ({'dessert'}, {'yogurt'})]"
"('yogurt', 'hamburger meat')","[({'yogurt'}, {'hamburger meat'}), ({'hamburger meat'}, {'yogurt'})]"
"('yogurt', 'herbs')","[({'yogurt'}, {'herbs'}), ({'herbs'}, {'yogurt'})]"
"('yogurt', 'newspapers')","[({'yogurt'}, {'newspapers'}), ({'newspapers'}, {'yogurt'})]"
"('yogurt', 'UHT-milk')","[({'yogurt'}, {'UHT-milk'}), ({'UHT-milk'}, {'yogurt'})]"
"('yogurt', 'coffee')","[({'yogurt'}, {'coffee'}), ({'coffee'}, {'yogurt'})]"
"('yogurt', 'specialty bar')","[({'yogurt'}, {'specialty bar'}), ({'specialty bar'}, {'yogurt'})]"
"('yogurt', 'candy')","[({'yogurt'}, {'candy'}), ({'candy'}, {'yogurt'})]"
"('yogurt', 'citrus fruit')","[({'yogurt'}, {'citrus fruit'}), ({'citrus fruit'}, {'yogurt'})]"
"('yogurt', 'brown bread')","[({'yogurt'}, {'brown bread'}), ({'brown bread'}, {'yogurt'})]"
"('yogurt', 'onions')","[({'yogurt'}, {'onions'}), ({'onions'}, {'yogurt'})]"
"('yogurt', 'hard cheese')","[({'yogurt'}, {'hard cheese'}), ({'hard cheese'}, {'yogurt'})]"
"('yogurt', 'napkins')","[({'yogurt'}, {'napkins'}), ({'napkins'}, {'yogurt'})]"
"('yogurt', 'fruit/vegetable juice')","[({'yogurt'}, {'fruit/vegetable juice'}), ({'fruit/vegetable juice'}, {'yogurt'})]"
"('yogurt', 'soft cheese')","[({'yogurt'}, {'soft cheese'}), ({'soft cheese'}, {'yogurt'})]"
"('yogurt', 'oil')","[({'yogurt'}, {'oil'}), ({'oil'}, {'yogurt'})]"
"('yogurt', 'berries')","[({'yogurt'}, {'berries'}), ({'berries'}, {'yogurt'})]"
"('yogurt', 'long life bakery product')","[({'yogurt'}, {'long life bakery product'}), ({'long life bakery product'}, {'yogurt'})]"
"('yogurt', 'cream cheese ')","[({'yogurt'}, {'cream cheese '}), ({'cream cheese '}, {'yogurt'})]"
"('yogurt', 'ham')","[({'yogurt'}, {'ham'}), ({'ham'}, {'yogurt'})]"
"('yogurt', 'pork')","[({'yogurt'}, {'pork'}), ({'pork'}, {'yogurt'})]"
"('yogurt', 'waffles')","[({'yogurt'}, {'waffles'}), ({'waffles'}, {'yogurt'})]"
"('yogurt', 'chewing gum')","[({'yogurt'}, {'chewing gum'}), ({'chewing gum'}, {'yogurt'})]"
"('soda', 'canned beer')","[({'soda'}, {'canned beer'}), ({'canned beer'}, {'soda'})]"
"('soda', 'hygiene articles')","[({'soda'}, {'hygiene articles'}), ({'hygiene articles'}, {'soda'})]"
"('soda', 'rolls/buns')","[({'soda'}, {'rolls/buns'}), ({'rolls/buns'}, {'soda'})]"
"('soda', 'frankfurter')","[({'soda'}, {'frankfurter'}), ({'frankfurter'}, {'soda'})]"
"('soda', 'whipped/sour cream')","[({'soda'}, {'whipped/sour cream'}), ({'whipped/sour cream'}, {'soda'})]"
"('soda', 'beef')","[({'soda'}, {'beef'}), ({'beef'}, {'soda'})]"
"('soda', 'white bread')","[({'soda'}, {'white bread'}), ({'white bread'}, {'soda'})]"
"('soda', 'curd')","[({'soda'}, {'curd'}), ({'curd'}, {'soda'})]"
"('soda', 'frozen vegetables')","[({'soda'}, {'frozen vegetables'}), ({'frozen vegetables'}, {'soda'})]"
"('soda', 'other vegetables')","[({'soda'}, {'other vegetables'}), ({'other vegetables'}, {'soda'})]"
"('soda', 'butter')","[({'soda'}, {'butter'}), ({'butter'}, {'soda'})]"
"('soda', 'sugar')","[({'soda'}, {'sugar'}), ({'sugar'}, {'soda'})]"
"('soda', 'tropical fruit')","[({'soda'}, {'tropical fruit'}), ({'tropical fruit'}, {'soda'})]"
"('soda', 'butter milk')","[({'soda'}, {'butter milk'}), ({'butter milk'}, {'soda'})]"
"('soda', 'specialty chocolate')","[({'soda'}, {'specialty chocolate'}), ({'specialty chocolate'}, {'soda'})]"
"('soda', 'frozen meals')","[({'soda'}, {'frozen meals'}), ({'frozen meals'}, {'soda'})]"
"('soda', 'root vegetables')","[({'soda'}, {'root vegetables'}), ({'root vegetables'}, {'soda'})]"
"('soda', 'pip fruit')","[({'soda'}, {'pip fruit'}), ({'pip fruit'}, {'soda'})]"
"('soda', 'chocolate')","[({'soda'}, {'chocolate'}), ({'chocolate'}, {'soda'})]"
"('soda', 'shopping bags')","[({'soda'}, {'shopping bags'}), ({'shopping bags'}, {'soda'})]"
"('soda', 'margarine')","[({'soda'}, {'margarine'}), ({'margarine'}, {'soda'})]"
"('soda', 'bottled water')","[({'soda'}, {'bottled water'}), ({'bottled water'}, {'soda'})]"
"('soda', 'bottled beer')","[({'soda'}, {'bottled beer'}), ({'bottled beer'}, {'soda'})]"
"('soda', 'chicken')","[({'soda'}, {'chicken'}), ({'chicken'}, {'soda'})]"
"('soda', 'domestic eggs')","[({'soda'}, {'domestic eggs'}), ({'domestic eggs'}, {'soda'})]"
"('soda', 'dessert')","[({'soda'}, {'dessert'}), ({'dessert'}, {'soda'})]"
"('soda', 'hamburger meat')","[({'soda'}, {'hamburger meat'}), ({'hamburger meat'}, {'soda'})]"
"('soda', 'newspapers')","[({'soda'}, {'newspapers'}), ({'newspapers'}, {'soda'})]"
"('soda', 'UHT-milk')","[({'soda'}, {'UHT-milk'}), ({'UHT-milk'}, {'soda'})]"
"('soda', 'coffee')","[({'soda'}, {'coffee'}), ({'coffee'}, {'soda'})]"
"('soda', 'sliced cheese')","[({'soda'}, {'sliced cheese'}), ({'sliced cheese'}, {'soda'})]"
"('soda', 'specialty bar')","[({'soda'}, {'specialty bar'}), ({'specialty bar'}, {'soda'})]"
"('soda', 'candy')","[({'soda'}, {'candy'}), ({'candy'}, {'soda'})]"
"('soda', 'citrus fruit')","[({'soda'}, {'citrus fruit'}), ({'citrus fruit'}, {'soda'})]"
"('soda', 'grapes')","[({'soda'}, {'grapes'}), ({'grapes'}, {'soda'})]"
"('soda', 'brown bread')","[({'soda'}, {'brown bread'}), ({'brown bread'}, {'soda'})]"
"('soda', 'onions')","[({'soda'}, {'onions'}), ({'onions'}, {'soda'})]"
"('soda', 'napkins')","[({'soda'}, {'napkins'}), ({'napkins'}, {'soda'})]"
"('soda', 'meat')","[({'soda'}, {'meat'}), ({'meat'}, {'soda'})]"
"('soda', 'fruit/vegetable juice')","[({'soda'}, {'fruit/vegetable juice'}), ({'fruit/vegetable juice'}, {'soda'})]"
"('soda', 'oil')","[({'soda'}, {'oil'}), ({'oil'}, {'soda'})]"
"('soda', 'beverages')","[({'soda'}, {'beverages'}), ({'beverages'}, {'soda'})]"
"('soda', 'berries')","[({'soda'}, {'berries'}), ({'berries'}, {'soda'})]"
"('soda', 'long life bakery product')","[({'soda'}, {'long life bakery product'}), ({'long life bakery product'}, {'soda'})]"
"('soda', 'cream cheese ')","[({'soda'}, {'cream cheese '}), ({'cream cheese '}, {'soda'})]"
"('soda', 'ham')","[({'soda'}, {'ham'}), ({'ham'}, {'soda'})]"
"('soda', 'pork')","[({'soda'}, {'pork'}), ({'pork'}, {'soda'})]"
"('soda', 'ice cream')","[({'soda'}, {'ice cream'}), ({'ice cream'}, {'soda'})]"
"('soda', 'chewing gum')","[({'soda'}, {'chewing gum'}), ({'chewing gum'}, {'soda'})]"
"('canned beer', 'rolls/buns')","[({'canned beer'}, {'rolls/buns'}), ({'rolls/buns'}, {'canned beer'})]"
"('canned beer', 'frankfurter')","[({'canned beer'}, {'frankfurter'}), ({'frankfurter'}, {'canned beer'})]"
"('canned beer', 'whipped/sour cream')","[({'canned beer'}, {'whipped/sour cream'}), ({'whipped/sour cream'}, {'canned beer'})]"
"('canned beer', 'beef')","[({'canned beer'}, {'beef'}), ({'beef'}, {'canned beer'})]"
"('canned beer', 'white bread')","[({'canned beer'}, {'white bread'}), ({'white bread'}, {'canned beer'})]"
"('canned beer', 'curd')","[({'canned beer'}, {'curd'}), ({'curd'}, {'canned beer'})]"
"('canned beer', 'frozen vegetables')","[({'canned beer'}, {'frozen vegetables'}), ({'frozen vegetables'}, {'canned beer'})]"
"('canned beer', 'other vegetables')","[({'canned beer'}, {'other vegetables'}), ({'other vegetables'}, {'canned beer'})]"
"('canned beer', 'butter')","[({'canned beer'}, {'butter'}), ({'butter'}, {'canned beer'})]"
"('canned beer', 'tropical fruit')","[({'canned beer'}, {'tropical fruit'}), ({'tropical fruit'}, {'canned beer'})]"
"('canned beer', 'root vegetables')","[({'canned beer'}, {'root vegetables'}), ({'root vegetables'}, {'canned beer'})]"
"('canned beer', 'pip fruit')","[({'canned beer'}, {'pip fruit'}), ({'pip fruit'}, {'canned beer'})]"
"('canned beer', 'chocolate')","[({'canned beer'}, {'chocolate'}), ({'chocolate'}, {'canned beer'})]"
"('canned beer', 'shopping bags')","[({'canned beer'}, {'shopping bags'}), ({'shopping bags'}, {'canned beer'})]"
"('canned beer', 'margarine')","[({'canned beer'}, {'margarine'}), ({'margarine'}, {'canned beer'})]"
"('canned beer', 'bottled water')","[({'canned beer'}, {'bottled water'}), ({'bottled water'}, {'canned beer'})]"
"('canned beer', 'bottled beer')","[({'canned beer'}, {'bottled beer'}), ({'bottled beer'}, {'canned beer'})]"
"('canned beer', 'chicken')","[({'canned beer'}, {'chicken'}), ({'chicken'}, {'canned beer'})]"
"('canned beer', 'domestic eggs')","[({'canned beer'}, {'domestic eggs'}), ({'domestic eggs'}, {'canned beer'})]"
"('canned beer', 'newspapers')","[({'canned beer'}, {'newspapers'}), ({'newspapers'}, {'canned beer'})]"
"('canned beer', 'coffee')","[({'canned beer'}, {'coffee'}), ({'coffee'}, {'canned beer'})]"
"('canned beer', 'citrus fruit')","[({'canned beer'}, {'citrus fruit'}), ({'citrus fruit'}, {'canned beer'})]"
"('canned beer', 'brown bread')","[({'canned beer'}, {'brown bread'}), ({'brown bread'}, {'canned beer'})]"
"('canned beer', 'fruit/vegetable juice')","[({'canned beer'}, {'fruit/vegetable juice'}), ({'fruit/vegetable juice'}, {'canned beer'})]"
"('canned beer', 'pork')","[({'canned beer'}, {'pork'}), ({'pork'}, {'canned beer'})]"
"('misc. beverages', 'rolls/buns')","[({'misc. beverages'}, {'rolls/buns'}), ({'rolls/buns'}, {'misc. beverages'})]"
"('misc. beverages', 'other vegetables')","[({'misc. beverages'}, {'other vegetables'}), ({'other vegetables'}, {'misc. beverages'})]"
"('misc. beverages', 'root vegetables')","[({'misc. beverages'}, {'root vegetables'}), ({'root vegetables'}, {'misc. beverages'})]"
"('hygiene articles', 'rolls/buns')","[({'hygiene articles'}, {'rolls/buns'}), ({'rolls/buns'}, {'hygiene articles'})]"
"('hygiene articles', 'other vegetables')","[({'hygiene articles'}, {'other vegetables'}), ({'other vegetables'}, {'hygiene articles'})]"
"('hygiene articles', 'root vegetables')","[({'hygiene articles'}, {'root vegetables'}), ({'root vegetables'}, {'hygiene articles'})]"
"('rolls/buns', 'frankfurter')","[({'rolls/buns'}, {'frankfurter'}), ({'frankfurter'}, {'rolls/buns'})]"
"('rolls/buns', 'whipped/sour cream')","[({'rolls/buns'}, {'whipped/sour cream'}), ({'whipped/sour cream'}, {'rolls/buns'})]"
"('rolls/buns', 'beef')","[({'rolls/buns'}, {'beef'}), ({'beef'}, {'rolls/buns'})]"
"('rolls/buns', 'white bread')","[({'rolls/buns'}, {'white bread'}), ({'white bread'}, {'rolls/buns'})]"
"('rolls/buns', 'curd')","[({'rolls/buns'}, {'curd'}), ({'curd'}, {'rolls/buns'})]"
"('rolls/buns', 'frozen vegetables')","[({'rolls/buns'}, {'frozen vegetables'}), ({'frozen vegetables'}, {'rolls/buns'})]"
"('rolls/buns', 'other vegetables')","[({'rolls/buns'}, {'other vegetables'}), ({'other vegetables'}, {'rolls/buns'})]"
"('rolls/buns', 'butter')","[({'rolls/buns'}, {'butter'}), ({'butter'}, {'rolls/buns'})]"
"('rolls/buns', 'tropical fruit')","[({'rolls/buns'}, {'tropical fruit'}), ({'tropical fruit'}, {'rolls/buns'})]"
"('rolls/buns', 'butter milk')","[({'rolls/buns'}, {'butter milk'}), ({'butter milk'}, {'rolls/buns'})]"
"('rolls/buns', 'specialty chocolate')","[({'rolls/buns'}, {'specialty chocolate'}), ({'specialty chocolate'}, {'rolls/buns'})]"
"('rolls/buns', 'frozen meals')","[({'rolls/buns'}, {'frozen meals'}), ({'frozen meals'}, {'rolls/buns'})]"
"('rolls/buns', 'detergent')","[({'rolls/buns'}, {'detergent'}), ({'detergent'}, {'rolls/buns'})]"
"('rolls/buns', 'root vegetables')","[({'rolls/buns'}, {'root vegetables'}), ({'root vegetables'}, {'rolls/buns'})]"
"('rolls/buns', 'pip fruit')","[({'rolls/buns'}, {'pip fruit'}), ({'pip fruit'}, {'rolls/buns'})]"
"('rolls/buns', 'chocolate')","[({'rolls/buns'}, {'chocolate'}), ({'chocolate'}, {'rolls/buns'})]"
"('rolls/buns', 'red/blush wine')","[({'rolls/buns'}, {'red/blush wine'}), ({'red/blush wine'}, {'rolls/buns'})]"
"('rolls/buns', 'shopping bags')","[({'rolls/buns'}, {'shopping bags'}), ({'shopping bags'}, {'rolls/buns'})]"
"('rolls/buns', 'packaged fruit/vegetables')","[({'rolls/buns'}, {'packaged fruit/vegetables'}), ({'packaged fruit/vegetables'}, {'rolls/buns'})]"
"('rolls/buns', 'margarine')","[({'rolls/buns'}, {'margarine'}), ({'margarine'}, {'rolls/buns'})]"
"('rolls/buns', 'bottled water')","[({'rolls/buns'}, {'bottled water'}), ({'bottled water'}, {'rolls/buns'})]"
"('rolls/buns', 'bottled beer')","[({'rolls/buns'}, {'bottled beer'}), ({'bottled beer'}, {'rolls/buns'})]"
"('rolls/buns', 'chicken')","[({'rolls/buns'}, {'chicken'}), ({'chicken'}, {'rolls/buns'})]"
"('rolls/buns', 'domestic eggs')","[({'rolls/buns'}, {'domestic eggs'}), ({'domestic eggs'}, {'rolls/buns'})]"
"('rolls/buns', 'dessert')","[({'rolls/buns'}, {'dessert'}), ({'dessert'}, {'rolls/buns'})]"
"('rolls/buns', 'hamburger meat')","[({'rolls/buns'}, {'hamburger meat'}), ({'hamburger meat'}, {'rolls/buns'})]"
"('rolls/buns', 'newspapers')","[({'rolls/buns'}, {'newspapers'}), ({'newspapers'}, {'rolls/buns'})]"
"('rolls/buns', 'UHT-milk')","[({'rolls/buns'}, {'UHT-milk'}), ({'UHT-milk'}, {'rolls/buns'})]"
"('rolls/buns', 'coffee')","[({'rolls/buns'}, {'coffee'}), ({'coffee'}, {'rolls/buns'})]"
"('rolls/buns', 'specialty bar')","[({'rolls/buns'}, {'specialty bar'}), ({'specialty bar'}, {'rolls/buns'})]"
"('rolls/buns', 'candy')","[({'rolls/buns'}, {'candy'}), ({'candy'}, {'rolls/buns'})]"
"('rolls/buns', 'citrus fruit')","[({'rolls/buns'}, {'citrus fruit'}), ({'citrus fruit'}, {'rolls/buns'})]"
"('rolls/buns', 'grapes')","[({'rolls/buns'}, {'grapes'}), ({'grapes'}, {'rolls/buns'})]"
"('rolls/buns', 'brown bread')","[({'rolls/buns'}, {'brown bread'}), ({'brown bread'}, {'rolls/buns'})]"
"('rolls/buns', 'processed cheese')","[({'rolls/buns'}, {'processed cheese'}), ({'processed cheese'}, {'rolls/buns'})]"
"('rolls/buns', 'onions')","[({'rolls/buns'}, {'onions'}), ({'onions'}, {'rolls/buns'})]"
"('rolls/buns', 'hard cheese')","[({'rolls/buns'}, {'hard cheese'}), ({'hard cheese'}, {'rolls/buns'})]"
"('rolls/buns', 'napkins')","[({'rolls/buns'}, {'napkins'}), ({'napkins'}, {'rolls/buns'})]"
"('rolls/buns', 'meat')","[({'rolls/buns'}, {'meat'}), ({'meat'}, {'rolls/buns'})]"
"('rolls/buns', 'fruit/vegetable juice')","[({'rolls/buns'}, {'fruit/vegetable juice'}), ({'fruit/vegetable juice'}, {'rolls/buns'})]"
"('rolls/buns', 'soft cheese')","[({'rolls/buns'}, {'soft cheese'}), ({'soft cheese'}, {'rolls/buns'})]"
"('rolls/buns', 'oil')","[({'rolls/buns'}, {'oil'}), ({'oil'}, {'rolls/buns'})]"
"('rolls/buns', 'beverages')","[({'rolls/buns'}, {'beverages'}), ({'beverages'}, {'rolls/buns'})]"
"('rolls/buns', 'berries')","[({'rolls/buns'}, {'berries'}), ({'berries'}, {'rolls/buns'})]"
"('rolls/buns', 'long life bakery product')","[({'rolls/buns'}, {'long life bakery product'}), ({'long life bakery product'}, {'rolls/buns'})]"
"('rolls/buns', 'cream cheese ')","[({'rolls/buns'}, {'cream cheese '}), ({'cream cheese '}, {'rolls/buns'})]"
"('rolls/buns', 'ham')","[({'rolls/buns'}, {'ham'}), ({'ham'}, {'rolls/buns'})]"
"('rolls/buns', 'pork')","[({'rolls/buns'}, {'pork'}), ({'pork'}, {'rolls/buns'})]"
"('rolls/buns', 'ice cream')","[({'rolls/buns'}, {'ice cream'}), ({'ice cream'}, {'rolls/buns'})]"
"('rolls/buns', 'waffles')","[({'rolls/buns'}, {'waffles'}), ({'waffles'}, {'rolls/buns'})]"
"('rolls/buns', 'cat food')","[({'rolls/buns'}, {'cat food'}), ({'cat food'}, {'rolls/buns'})]"
"('rolls/buns', 'seasonal products')","[({'rolls/buns'}, {'seasonal products'}), ({'seasonal products'}, {'rolls/buns'})]"
"('frankfurter', 'whipped/sour cream')","[({'frankfurter'}, {'whipped/sour cream'}), ({'whipped/sour cream'}, {'frankfurter'})]"
"('frankfurter', 'beef')","[({'frankfurter'}, {'beef'}), ({'beef'}, {'frankfurter'})]"
"('frankfurter', 'curd')","[({'frankfurter'}, {'curd'}), ({'curd'}, {'frankfurter'})]"
"('frankfurter', 'frozen vegetables')","[({'frankfurter'}, {'frozen vegetables'}), ({'frozen vegetables'}, {'frankfurter'})]"
"('frankfurter', 'other vegetables')","[({'frankfurter'}, {'other vegetables'}), ({'other vegetables'}, {'frankfurter'})]"
"('frankfurter', 'butter')","[({'frankfurter'}, {'butter'}), ({'butter'}, {'frankfurter'})]"
"('frankfurter', 'tropical fruit')","[({'frankfurter'}, {'tropical fruit'}), ({'tropical fruit'}, {'frankfurter'})]"
"('frankfurter', 'root vegetables')","[({'frankfurter'}, {'root vegetables'}), ({'root vegetables'}, {'frankfurter'})]"
"('frankfurter', 'pip fruit')","[({'frankfurter'}, {'pip fruit'}), ({'pip fruit'}, {'frankfurter'})]"
"('frankfurter', 'shopping bags')","[({'frankfurter'}, {'shopping bags'}), ({'shopping bags'}, {'frankfurter'})]"
"('frankfurter', 'margarine')","[({'frankfurter'}, {'margarine'}), ({'margarine'}, {'frankfurter'})]"
"('frankfurter', 'bottled water')","[({'frankfurter'}, {'bottled water'}), ({'bottled water'}, {'frankfurter'})]"
"('frankfurter', 'bottled beer')","[({'frankfurter'}, {'bottled beer'}), ({'bottled beer'}, {'frankfurter'})]"
"('frankfurter', 'domestic eggs')","[({'frankfurter'}, {'domestic eggs'}), ({'domestic eggs'}, {'frankfurter'})]"
"('frankfurter', 'newspapers')","[({'frankfurter'}, {'newspapers'}), ({'newspapers'}, {'frankfurter'})]"
"('frankfurter', 'coffee')","[({'frankfurter'}, {'coffee'}), ({'coffee'}, {'frankfurter'})]"
"('frankfurter', 'citrus fruit')","[({'frankfurter'}, {'citrus fruit'}), ({'citrus fruit'}, {'frankfurter'})]"
"('frankfurter', 'brown bread')","[({'frankfurter'}, {'brown bread'}), ({'brown bread'}, {'frankfurter'})]"
"('frankfurter', 'fruit/vegetable juice')","[({'frankfurter'}, {'fruit/vegetable juice'}), ({'fruit/vegetable juice'}, {'frankfurter'})]"
"('frankfurter', 'cream cheese ')","[({'frankfurter'}, {'cream cheese '}), ({'cream cheese '}, {'frankfurter'})]"
"('whipped/sour cream', 'beef')","[({'whipped/sour cream'}, {'beef'}), ({'beef'}, {'whipped/sour cream'})]"
"('whipped/sour cream', 'white bread')","[({'whipped/sour cream'}, {'white bread'}), ({'white bread'}, {'whipped/sour cream'})]"
"('whipped/sour cream', 'curd')","[({'whipped/sour cream'}, {'curd'}), ({'curd'}, {'whipped/sour cream'})]"
"('whipped/sour cream', 'other vegetables')","[({'whipped/sour cream'}, {'other vegetables'}), ({'other vegetables'}, {'whipped/sour cream'})]"
"('whipped/sour cream', 'butter')","[({'whipped/sour cream'}, {'butter'}), ({'butter'}, {'whipped/sour cream'})]"
"('whipped/sour cream', 'tropical fruit')","[({'whipped/sour cream'}, {'tropical fruit'}), ({'tropical fruit'}, {'whipped/sour cream'})]"
"('whipped/sour cream', 'root vegetables')","[({'whipped/sour cream'}, {'root vegetables'}), ({'root vegetables'}, {'whipped/sour cream'})]"
"('whipped/sour cream', 'pip fruit')","[({'whipped/sour cream'}, {'pip fruit'}), ({'pip fruit'}, {'whipped/sour cream'})]"
"('whipped/sour cream', 'shopping bags')","[({'whipped/sour cream'}, {'shopping bags'}), ({'shopping bags'}, {'whipped/sour cream'})]"
"('whipped/sour cream', 'margarine')","[({'whipped/sour cream'}, {'margarine'}), ({'margarine'}, {'whipped/sour cream'})]"
"('whipped/sour cream', 'bottled water')","[({'whipped/sour cream'}, {'bottled water'}), ({'bottled water'}, {'whipped/sour cream'})]"
"('whipped/sour cream', 'bottled beer')","[({'whipped/sour cream'}, {'bottled beer'}), ({'bottled beer'}, {'whipped/sour cream'})]"
"('whipped/sour cream', 'chicken')","[({'whipped/sour cream'}, {'chicken'}), ({'chicken'}, {'whipped/sour cream'})]"
"('whipped/sour cream', 'newspapers')","[({'whipped/sour cream'}, {'newspapers'}), ({'newspapers'}, {'whipped/sour cream'})]"
"('whipped/sour cream', 'citrus fruit')","[({'whipped/sour cream'}, {'citrus fruit'}), ({'citrus fruit'}, {'whipped/sour cream'})]"
"('whipped/sour cream', 'brown bread')","[({'whipped/sour cream'}, {'brown bread'}), ({'brown bread'}, {'whipped/sour cream'})]"
"('whipped/sour cream', 'onions')","[({'whipped/sour cream'}, {'onions'}), ({'onions'}, {'whipped/sour cream'})]"
"('beef', 'curd')","[({'beef'}, {'curd'}), ({'curd'}, {'beef'})]"
"('beef', 'frozen vegetables')","[({'beef'}, {'frozen vegetables'}), ({'frozen vegetables'}, {'beef'})]"
"('beef', 'other vegetables')","[({'beef'}, {'other vegetables'}), ({'other vegetables'}, {'beef'})]"
"('beef', 'butter')","[({'beef'}, {'butter'}), ({'butter'}, {'beef'})]"
"('beef', 'tropical fruit')","[({'beef'}, {'tropical fruit'}), ({'tropical fruit'}, {'beef'})]"
"('beef', 'root vegetables')","[({'beef'}, {'root vegetables'}), ({'root vegetables'}, {'beef'})]"
"('beef', 'shopping bags')","[({'beef'}, {'shopping bags'}), ({'shopping bags'}, {'beef'})]"
"('beef', 'margarine')","[({'beef'}, {'margarine'}), ({'margarine'}, {'beef'})]"
"('beef', 'bottled water')","[({'beef'}, {'bottled water'}), ({'bottled water'}, {'beef'})]"
"('beef', 'bottled beer')","[({'beef'}, {'bottled beer'}), ({'bottled beer'}, {'beef'})]"
"('beef', 'domestic eggs')","[({'beef'}, {'domestic eggs'}), ({'domestic eggs'}, {'beef'})]"
"('beef', 'newspapers')","[({'beef'}, {'newspapers'}), ({'newspapers'}, {'beef'})]"
"('beef', 'citrus fruit')","[({'beef'}, {'citrus fruit'}), ({'citrus fruit'}, {'beef'})]"
"('beef', 'brown bread')","[({'beef'}, {'brown bread'}), ({'brown bread'}, {'beef'})]"
"('beef', 'fruit/vegetable juice')","[({'beef'}, {'fruit/vegetable juice'}), ({'fruit/vegetable juice'}, {'beef'})]"
"('white bread', 'other vegetables')","[({'white bread'}, {'other vegetables'}), ({'other vegetables'}, {'white bread'})]"
"('white bread', 'tropical fruit')","[({'white bread'}, {'tropical fruit'}), ({'tropical fruit'}, {'white bread'})]"
"('white bread', 'root vegetables')","[({'white bread'}, {'root vegetables'}), ({'root vegetables'}, {'white bread'})]"
"('white bread', 'bottled water')","[({'white bread'}, {'bottled water'}), ({'bottled water'}, {'white bread'})]"
"('white bread', 'domestic eggs')","[({'white bread'}, {'domestic eggs'}), ({'domestic eggs'}, {'white bread'})]"
"('white bread', 'citrus fruit')","[({'white bread'}, {'citrus fruit'}), ({'citrus fruit'}, {'white bread'})]"
"('white bread', 'brown bread')","[({'white bread'}, {'brown bread'}), ({'brown bread'}, {'white bread'})]"
"('curd', 'other vegetables')","[({'curd'}, {'other vegetables'}), ({'other vegetables'}, {'curd'})]"
"('curd', 'tropical fruit')","[({'curd'}, {'tropical fruit'}), ({'tropical fruit'}, {'curd'})]"
"('curd', 'root vegetables')","[({'curd'}, {'root vegetables'}), ({'root vegetables'}, {'curd'})]"
"('curd', 'pip fruit')","[({'curd'}, {'pip fruit'}), ({'pip fruit'}, {'curd'})]"
"('curd', 'shopping bags')","[({'curd'}, {'shopping bags'}), ({'shopping bags'}, {'curd'})]"
"('curd', 'margarine')","[({'curd'}, {'margarine'}), ({'margarine'}, {'curd'})]"
"('curd', 'bottled water')","[({'curd'}, {'bottled water'}), ({'bottled water'}, {'curd'})]"
"('curd', 'bottled beer')","[({'curd'}, {'bottled beer'}), ({'bottled beer'}, {'curd'})]"
"('curd', 'chicken')","[({'curd'}, {'chicken'}), ({'chicken'}, {'curd'})]"
"('curd', 'dessert')","[({'curd'}, {'dessert'}), ({'dessert'}, {'curd'})]"
"('curd', 'citrus fruit')","[({'curd'}, {'citrus fruit'}), ({'citrus fruit'}, {'curd'})]"
"('curd', 'brown bread')","[({'curd'}, {'brown bread'}), ({'brown bread'}, {'curd'})]"
"('curd', 'pork')","[({'curd'}, {'pork'}), ({'pork'}, {'curd'})]"
"('frozen vegetables', 'other vegetables')","[({'frozen vegetables'}, {'other vegetables'}), ({'other vegetables'}, {'frozen vegetables'})]"
"('frozen vegetables', 'tropical fruit')","[({'frozen vegetables'}, {'tropical fruit'}), ({'tropical fruit'}, {'frozen vegetables'})]"
"('frozen vegetables', 'root vegetables')","[({'frozen vegetables'}, {'root vegetables'}), ({'root vegetables'}, {'frozen vegetables'})]"
"('frozen vegetables', 'pip fruit')","[({'frozen vegetables'}, {'pip fruit'}), ({'pip fruit'}, {'frozen vegetables'})]"
"('frozen vegetables', 'bottled water')","[({'frozen vegetables'}, {'bottled water'}), ({'bottled water'}, {'frozen vegetables'})]"
"('frozen vegetables', 'bottled beer')","[({'frozen vegetables'}, {'bottled beer'}), ({'bottled beer'}, {'frozen vegetables'})]"
"('frozen vegetables', 'citrus fruit')","[({'frozen vegetables'}, {'citrus fruit'}), ({'citrus fruit'}, {'frozen vegetables'})]"
"('other vegetables', 'butter')","[({'other vegetables'}, {'butter'}), ({'butter'}, {'other vegetables'})]"
"('other vegetables', 'sugar')","[({'other vegetables'}, {'sugar'}), ({'sugar'}, {'other vegetables'})]"
"('other vegetables', 'tropical fruit')","[({'other vegetables'}, {'tropical fruit'}), ({'tropical fruit'}, {'other vegetables'})]"
"('other vegetables', 'butter milk')","[({'other vegetables'}, {'butter milk'}), ({'butter milk'}, {'other vegetables'})]"
"('other vegetables', 'specialty chocolate')","[({'other vegetables'}, {'specialty chocolate'}), ({'specialty chocolate'}, {'other vegetables'})]"
"('other vegetables', 'frozen meals')","[({'other vegetables'}, {'frozen meals'}), ({'frozen meals'}, {'other vegetables'})]"
"('other vegetables', 'root vegetables')","[({'other vegetables'}, {'root vegetables'}), ({'root vegetables'}, {'other vegetables'})]"
"('other vegetables', 'pip fruit')","[({'other vegetables'}, {'pip fruit'}), ({'pip fruit'}, {'other vegetables'})]"
"('other vegetables', 'chocolate')","[({'other vegetables'}, {'chocolate'}), ({'chocolate'}, {'other vegetables'})]"
"('other vegetables', 'red/blush wine')","[({'other vegetables'}, {'red/blush wine'}), ({'red/blush wine'}, {'other vegetables'})]"
"('other vegetables', 'shopping bags')","[({'other vegetables'}, {'shopping bags'}), ({'shopping bags'}, {'other vegetables'})]"
"('other vegetables', 'margarine')","[({'other vegetables'}, {'margarine'}), ({'margarine'}, {'other vegetables'})]"
"('other vegetables', 'bottled water')","[({'other vegetables'}, {'bottled water'}), ({'bottled water'}, {'other vegetables'})]"
"('other vegetables', 'bottled beer')","[({'other vegetables'}, {'bottled beer'}), ({'bottled beer'}, {'other vegetables'})]"
"('other vegetables', 'chicken')","[({'other vegetables'}, {'chicken'}), ({'chicken'}, {'other vegetables'})]"
"('other vegetables', 'domestic eggs')","[({'other vegetables'}, {'domestic eggs'}), ({'domestic eggs'}, {'other vegetables'})]"
"('other vegetables', 'dessert')","[({'other vegetables'}, {'dessert'}), ({'dessert'}, {'other vegetables'})]"
"('other vegetables', 'hamburger meat')","[({'other vegetables'}, {'hamburger meat'}), ({'hamburger meat'}, {'other vegetables'})]"
"('other vegetables', 'newspapers')","[({'other vegetables'}, {'newspapers'}), ({'newspapers'}, {'other vegetables'})]"
"('other vegetables', 'UHT-milk')","[({'other vegetables'}, {'UHT-milk'}), ({'UHT-milk'}, {'other vegetables'})]"
"('other vegetables', 'coffee')","[({'other vegetables'}, {'coffee'}), ({'coffee'}, {'other vegetables'})]"
"('other vegetables', 'sliced cheese')","[({'other vegetables'}, {'sliced cheese'}), ({'sliced cheese'}, {'other vegetables'})]"
"('other vegetables', 'specialty bar')","[({'other vegetables'}, {'specialty bar'}), ({'specialty bar'}, {'other vegetables'})]"
"('other vegetables', 'candy')","[({'other vegetables'}, {'candy'}), ({'candy'}, {'other vegetables'})]"
"('other vegetables', 'citrus fruit')","[({'other vegetables'}, {'citrus fruit'}), ({'citrus fruit'}, {'other vegetables'})]"
"('other vegetables', 'grapes')","[({'other vegetables'}, {'grapes'}), ({'grapes'}, {'other vegetables'})]"
"('other vegetables', 'brown bread')","[({'other vegetables'}, {'brown bread'}), ({'brown bread'}, {'other vegetables'})]"
"('other vegetables', 'onions')","[({'other vegetables'}, {'onions'}), ({'onions'}, {'other vegetables'})]"
"('other vegetables', 'hard cheese')","[({'other vegetables'}, {'hard cheese'}), ({'hard cheese'}, {'other vegetables'})]"
"('other vegetables', 'napkins')","[({'other vegetables'}, {'napkins'}), ({'napkins'}, {'other vegetables'})]"
"('other vegetables', 'meat')","[({'other vegetables'}, {'meat'}), ({'meat'}, {'other vegetables'})]"
"('other vegetables', 'fruit/vegetable juice')","[({'other vegetables'}, {'fruit/vegetable juice'}), ({'fruit/vegetable juice'}, {'other vegetables'})]"
"('other vegetables', 'soft cheese')","[({'other vegetables'}, {'soft cheese'}), ({'soft cheese'}, {'other vegetables'})]"
"('other vegetables', 'oil')","[({'other vegetables'}, {'oil'}), ({'oil'}, {'other vegetables'})]"
"('other vegetables', 'beverages')","[({'other vegetables'}, {'beverages'}), ({'beverages'}, {'other vegetables'})]"
"('other vegetables', 'berries')","[({'other vegetables'}, {'berries'}), ({'berries'}, {'other vegetables'})]"
"('other vegetables', 'long life bakery product')","[({'other vegetables'}, {'long life bakery product'}), ({'long life bakery product'}, {'other vegetables'})]"
"('other vegetables', 'cream cheese ')","[({'other vegetables'}, {'cream cheese '}), ({'cream cheese '}, {'other vegetables'})]"
"('other vegetables', 'ham')","[({'other vegetables'}, {'ham'}), ({'ham'}, {'other vegetables'})]"
"('other vegetables', 'pork')","[({'other vegetables'}, {'pork'}), ({'pork'}, {'other vegetables'})]"
"('other vegetables', 'ice cream')","[({'other vegetables'}, {'ice cream'}), ({'ice cream'}, {'other vegetables'})]"
"('other vegetables', 'pot plants')","[({'other vegetables'}, {'pot plants'}), ({'pot plants'}, {'other vegetables'})]"
"('other vegetables', 'waffles')","[({'other vegetables'}, {'waffles'}), ({'waffles'}, {'other vegetables'})]"
"('other vegetables', 'chewing gum')","[({'other vegetables'}, {'chewing gum'}), ({'chewing gum'}, {'other vegetables'})]"
"('butter', 'tropical fruit')","[({'butter'}, {'tropical fruit'}), ({'tropical fruit'}, {'butter'})]"
"('butter', 'root vegetables')","[({'butter'}, {'root vegetables'}), ({'root vegetables'}, {'butter'})]"
"('butter', 'pip fruit')","[({'butter'}, {'pip fruit'}), ({'pip fruit'}, {'butter'})]"
"('butter', 'shopping bags')","[({'butter'}, {'shopping bags'}), ({'shopping bags'}, {'butter'})]"
"('butter', 'margarine')","[({'butter'}, {'margarine'}), ({'margarine'}, {'butter'})]"
"('butter', 'bottled water')","[({'butter'}, {'bottled water'}), ({'bottled water'}, {'butter'})]"
"('butter', 'bottled beer')","[({'butter'}, {'bottled beer'}), ({'bottled beer'}, {'butter'})]"
"('butter', 'newspapers')","[({'butter'}, {'newspapers'}), ({'newspapers'}, {'butter'})]"
"('butter', 'citrus fruit')","[({'butter'}, {'citrus fruit'}), ({'citrus fruit'}, {'butter'})]"
"('butter', 'brown bread')","[({'butter'}, {'brown bread'}), ({'brown bread'}, {'butter'})]"
"('butter', 'fruit/vegetable juice')","[({'butter'}, {'fruit/vegetable juice'}), ({'fruit/vegetable juice'}, {'butter'})]"
"('sugar', 'tropical fruit')","[({'sugar'}, {'tropical fruit'}), ({'tropical fruit'}, {'sugar'})]"
"('sugar', 'bottled water')","[({'sugar'}, {'bottled water'}), ({'bottled water'}, {'sugar'})]"
"('tropical fruit', 'butter milk')","[({'tropical fruit'}, {'butter milk'}), ({'butter milk'}, {'tropical fruit'})]"
"('tropical fruit', 'specialty chocolate')","[({'tropical fruit'}, {'specialty chocolate'}), ({'specialty chocolate'}, {'tropical fruit'})]"
"('tropical fruit', 'root vegetables')","[({'tropical fruit'}, {'root vegetables'}), ({'root vegetables'}, {'tropical fruit'})]"
"('tropical fruit', 'pip fruit')","[({'tropical fruit'}, {'pip fruit'}), ({'pip fruit'}, {'tropical fruit'})]"
"('tropical fruit', 'chocolate')","[({'tropical fruit'}, {'chocolate'}), ({'chocolate'}, {'tropical fruit'})]"
"('tropical fruit', 'shopping bags')","[({'tropical fruit'}, {'shopping bags'}), ({'shopping bags'}, {'tropical fruit'})]"
"('tropical fruit', 'margarine')","[({'tropical fruit'}, {'margarine'}), ({'margarine'}, {'tropical fruit'})]"
"('tropical fruit', 'bottled water')","[({'tropical fruit'}, {'bottled water'}), ({'bottled water'}, {'tropical fruit'})]"
"('tropical fruit', 'bottled beer')","[({'tropical fruit'}, {'bottled beer'}), ({'bottled beer'}, {'tropical fruit'})]"
"('tropical fruit', 'chicken')","[({'tropical fruit'}, {'chicken'}), ({'chicken'}, {'tropical fruit'})]"
"('tropical fruit', 'flour')","[({'tropical fruit'}, {'flour'}), ({'flour'}, {'tropical fruit'})]"
"('tropical fruit', 'domestic eggs')","[({'tropical fruit'}, {'domestic eggs'}), ({'domestic eggs'}, {'tropical fruit'})]"
"('tropical fruit', 'dessert')","[({'tropical fruit'}, {'dessert'}), ({'dessert'}, {'tropical fruit'})]"
"('tropical fruit', 'hamburger meat')","[({'tropical fruit'}, {'hamburger meat'}), ({'hamburger meat'}, {'tropical fruit'})]"
"('tropical fruit', 'newspapers')","[({'tropical fruit'}, {'newspapers'}), ({'newspapers'}, {'tropical fruit'})]"
"('tropical fruit', 'UHT-milk')","[({'tropical fruit'}, {'UHT-milk'}), ({'UHT-milk'}, {'tropical fruit'})]"
"('tropical fruit', 'coffee')","[({'tropical fruit'}, {'coffee'}), ({'coffee'}, {'tropical fruit'})]"
"('tropical fruit', 'citrus fruit')","[({'tropical fruit'}, {'citrus fruit'}), ({'citrus fruit'}, {'tropical fruit'})]"
"('tropical fruit', 'brown bread')","[({'tropical fruit'}, {'brown bread'}), ({'brown bread'}, {'tropical fruit'})]"
"('tropical fruit', 'onions')","[({'tropical fruit'}, {'onions'}), ({'onions'}, {'tropical fruit'})]"
"('tropical fruit', 'napkins')","[({'tropical fruit'}, {'napkins'}), ({'napkins'}, {'tropical fruit'})]"
"('tropical fruit', 'fruit/vegetable juice')","[({'tropical fruit'}, {'fruit/vegetable juice'}), ({'fruit/vegetable juice'}, {'tropical fruit'})]"
"('tropical fruit', 'berries')","[({'tropical fruit'}, {'berries'}), ({'berries'}, {'tropical fruit'})]"
"('tropical fruit', 'long life bakery product')","[({'tropical fruit'}, {'long life bakery product'}), ({'long life bakery product'}, {'tropical fruit'})]"
"('tropical fruit', 'cream cheese ')","[({'tropical fruit'}, {'cream cheese '}), ({'cream cheese '}, {'tropical fruit'})]"
"('tropical fruit', 'ham')","[({'tropical fruit'}, {'ham'}), ({'ham'}, {'tropical fruit'})]"
"('tropical fruit', 'pork')","[({'tropical fruit'}, {'pork'}), ({'pork'}, {'tropical fruit'})]"
"('tropical fruit', 'waffles')","[({'tropical fruit'}, {'waffles'}), ({'waffles'}, {'tropical fruit'})]"
"('tropical fruit', 'cat food')","[({'tropical fruit'}, {'cat food'}), ({'cat food'}, {'tropical fruit'})]"
"('butter milk', 'root vegetables')","[({'butter milk'}, {'root vegetables'}), ({'root vegetables'}, {'butter milk'})]"
"('butter milk', 'shopping bags')","[({'butter milk'}, {'shopping bags'}), ({'shopping bags'}, {'butter milk'})]"
"('specialty chocolate', 'citrus fruit')","[({'specialty chocolate'}, {'citrus fruit'}), ({'citrus fruit'}, {'specialty chocolate'})]"
"('root vegetables', 'pip fruit')","[({'root vegetables'}, {'pip fruit'}), ({'pip fruit'}, {'root vegetables'})]"
"('root vegetables', 'chocolate')","[({'root vegetables'}, {'chocolate'}), ({'chocolate'}, {'root vegetables'})]"
"('root vegetables', 'shopping bags')","[({'root vegetables'}, {'shopping bags'}), ({'shopping bags'}, {'root vegetables'})]"
"('root vegetables', 'margarine')","[({'root vegetables'}, {'margarine'}), ({'margarine'}, {'root vegetables'})]"
"('root vegetables', 'bottled water')","[({'root vegetables'}, {'bottled water'}), ({'bottled water'}, {'root vegetables'})]"
"('root vegetables', 'bottled beer')","[({'root vegetables'}, {'bottled beer'}), ({'bottled beer'}, {'root vegetables'})]"
"('root vegetables', 'chicken')","[({'root vegetables'}, {'chicken'}), ({'chicken'}, {'root vegetables'})]"
"('root vegetables', 'domestic eggs')","[({'root vegetables'}, {'domestic eggs'}), ({'domestic eggs'}, {'root vegetables'})]"
"('root vegetables', 'dessert')","[({'root vegetables'}, {'dessert'}), ({'dessert'}, {'root vegetables'})]"
"('root vegetables', 'hamburger meat')","[({'root vegetables'}, {'hamburger meat'}), ({'hamburger meat'}, {'root vegetables'})]"
"('root vegetables', 'newspapers')","[({'root vegetables'}, {'newspapers'}), ({'newspapers'}, {'root vegetables'})]"
"('root vegetables', 'UHT-milk')","[({'root vegetables'}, {'UHT-milk'}), ({'UHT-milk'}, {'root vegetables'})]"
"('root vegetables', 'coffee')","[({'root vegetables'}, {'coffee'}), ({'coffee'}, {'root vegetables'})]"
"('root vegetables', 'sliced cheese')","[({'root vegetables'}, {'sliced cheese'}), ({'sliced cheese'}, {'root vegetables'})]"
"('root vegetables', 'citrus fruit')","[({'root vegetables'}, {'citrus fruit'}), ({'citrus fruit'}, {'root vegetables'})]"
"('root vegetables', 'grapes')","[({'root vegetables'}, {'grapes'}), ({'grapes'}, {'root vegetables'})]"
"('root vegetables', 'brown bread')","[({'root vegetables'}, {'brown bread'}), ({'brown bread'}, {'root vegetables'})]"
"('root vegetables', 'processed cheese')","[({'root vegetables'}, {'processed cheese'}), ({'processed cheese'}, {'root vegetables'})]"
"('root vegetables', 'onions')","[({'root vegetables'}, {'onions'}), ({'onions'}, {'root vegetables'})]"
"('root vegetables', 'hard cheese')","[({'root vegetables'}, {'hard cheese'}), ({'hard cheese'}, {'root vegetables'})]"
"('root vegetables', 'napkins')","[({'root vegetables'}, {'napkins'}), ({'napkins'}, {'root vegetables'})]"
"('root vegetables', 'meat')","[({'root vegetables'}, {'meat'}), ({'meat'}, {'root vegetables'})]"
"('root vegetables', 'fruit/vegetable juice')","[({'root vegetables'}, {'fruit/vegetable juice'}), ({'fruit/vegetable juice'}, {'root vegetables'})]"
"('root vegetables', 'berries')","[({'root vegetables'}, {'berries'}), ({'berries'}, {'root vegetables'})]"
"('root vegetables', 'cream cheese ')","[({'root vegetables'}, {'cream cheese '}), ({'cream cheese '}, {'root vegetables'})]"
"('root vegetables', 'pork')","[({'root vegetables'}, {'pork'}), ({'pork'}, {'root vegetables'})]"
"('root vegetables', 'waffles')","[({'root vegetables'}, {'waffles'}), ({'waffles'}, {'root vegetables'})]"
"('pip fruit', 'chocolate')","[({'pip fruit'}, {'chocolate'}), ({'chocolate'}, {'pip fruit'})]"
"('pip fruit', 'shopping bags')","[({'pip fruit'}, {'shopping bags'}), ({'shopping bags'}, {'pip fruit'})]"
"('pip fruit', 'margarine')","[({'pip fruit'}, {'margarine'}), ({'margarine'}, {'pip fruit'})]"
"('pip fruit', 'bottled water')","[({'pip fruit'}, {'bottled water'}), ({'bottled water'}, {'pip fruit'})]"
"('pip fruit', 'bottled beer')","[({'pip fruit'}, {'bottled beer'}), ({'bottled beer'}, {'pip fruit'})]"
"('pip fruit', 'chicken')","[({'pip fruit'}, {'chicken'}), ({'chicken'}, {'pip fruit'})]"
"('pip fruit', 'newspapers')","[({'pip fruit'}, {'newspapers'}), ({'newspapers'}, {'pip fruit'})]"
"('pip fruit', 'coffee')","[({'pip fruit'}, {'coffee'}), ({'coffee'}, {'pip fruit'})]"
"('pip fruit', 'citrus fruit')","[({'pip fruit'}, {'citrus fruit'}), ({'citrus fruit'}, {'pip fruit'})]"
"('pip fruit', 'brown bread')","[({'pip fruit'}, {'brown bread'}), ({'brown bread'}, {'pip fruit'})]"
"('pip fruit', 'hard cheese')","[({'pip fruit'}, {'hard cheese'}), ({'hard cheese'}, {'pip fruit'})]"
"('pip fruit', 'fruit/vegetable juice')","[({'pip fruit'}, {'fruit/vegetable juice'}), ({'fruit/vegetable juice'}, {'pip fruit'})]"
"('pip fruit', 'berries')","[({'pip fruit'}, {'berries'}), ({'berries'}, {'pip fruit'})]"
"('pip fruit', 'pork')","[({'pip fruit'}, {'pork'}), ({'pork'}, {'pip fruit'})]"
"('chocolate', 'bottled water')","[({'chocolate'}, {'bottled water'}), ({'bottled water'}, {'chocolate'})]"
"('chocolate', 'bottled beer')","[({'chocolate'}, {'bottled beer'}), ({'bottled beer'}, {'chocolate'})]"
"('chocolate', 'citrus fruit')","[({'chocolate'}, {'citrus fruit'}), ({'citrus fruit'}, {'chocolate'})]"
"('shopping bags', 'margarine')","[({'shopping bags'}, {'margarine'}), ({'margarine'}, {'shopping bags'})]"
"('shopping bags', 'bottled water')","[({'shopping bags'}, {'bottled water'}), ({'bottled water'}, {'shopping bags'})]"
"('shopping bags', 'bottled beer')","[({'shopping bags'}, {'bottled beer'}), ({'bottled beer'}, {'shopping bags'})]"
"('shopping bags', 'chicken')","[({'shopping bags'}, {'chicken'}), ({'chicken'}, {'shopping bags'})]"
"('shopping bags', 'domestic eggs')","[({'shopping bags'}, {'domestic eggs'}), ({'domestic eggs'}, {'shopping bags'})]"
"('shopping bags', 'dessert')","[({'shopping bags'}, {'dessert'}), ({'dessert'}, {'shopping bags'})]"
"('shopping bags', 'newspapers')","[({'shopping bags'}, {'newspapers'}), ({'newspapers'}, {'shopping bags'})]"
"('shopping bags', 'coffee')","[({'shopping bags'}, {'coffee'}), ({'coffee'}, {'shopping bags'})]"
"('shopping bags', 'citrus fruit')","[({'shopping bags'}, {'citrus fruit'}), ({'citrus fruit'}, {'shopping bags'})]"
"('shopping bags', 'brown bread')","[({'shopping bags'}, {'brown bread'}), ({'brown bread'}, {'shopping bags'})]"
"('shopping bags', 'cream cheese ')","[({'shopping bags'}, {'cream cheese '}), ({'cream cheese '}, {'shopping bags'})]"
"('shopping bags', 'pork')","[({'shopping bags'}, {'pork'}), ({'pork'}, {'shopping bags'})]"
"('margarine', 'bottled water')","[({'margarine'}, {'bottled water'}), ({'bottled water'}, {'margarine'})]"
"('margarine', 'bottled beer')","[({'margarine'}, {'bottled beer'}), ({'bottled beer'}, {'margarine'})]"
"('margarine', 'chicken')","[({'margarine'}, {'chicken'}), ({'chicken'}, {'margarine'})]"
"('margarine', 'citrus fruit')","[({'margarine'}, {'citrus fruit'}), ({'citrus fruit'}, {'margarine'})]"
"('margarine', 'fruit/vegetable juice')","[({'margarine'}, {'fruit/vegetable juice'}), ({'fruit/vegetable juice'}, {'margarine'})]"
"('margarine', 'pork')","[({'margarine'}, {'pork'}), ({'pork'}, {'margarine'})]"
"('bottled water', 'bottled beer')","[({'bottled water'}, {'bottled beer'}), ({'bottled beer'}, {'bottled water'})]"
"('bottled water', 'chicken')","[({'bottled water'}, {'chicken'}), ({'chicken'}, {'bottled water'})]"
"('bottled water', 'domestic eggs')","[({'bottled water'}, {'domestic eggs'}), ({'domestic eggs'}, {'bottled water'})]"
"('bottled water', 'dessert')","[({'bottled water'}, {'dessert'}), ({'dessert'}, {'bottled water'})]"
"('bottled water', 'newspapers')","[({'bottled water'}, {'newspapers'}), ({'newspapers'}, {'bottled water'})]"
"('bottled water', 'UHT-milk')","[({'bottled water'}, {'UHT-milk'}), ({'UHT-milk'}, {'bottled water'})]"
"('bottled water', 'coffee')","[({'bottled water'}, {'coffee'}), ({'coffee'}, {'bottled water'})]"
"('bottled water', 'citrus fruit')","[({'bottled water'}, {'citrus fruit'}), ({'citrus fruit'}, {'bottled water'})]"
"('bottled water', 'brown bread')","[({'bottled water'}, {'brown bread'}), ({'brown bread'}, {'bottled water'})]"
"('bottled water', 'onions')","[({'bottled water'}, {'onions'}), ({'onions'}, {'bottled water'})]"
"('bottled water', 'fruit/vegetable juice')","[({'bottled water'}, {'fruit/vegetable juice'}), ({'fruit/vegetable juice'}, {'bottled water'})]"
"('bottled water', 'beverages')","[({'bottled water'}, {'beverages'}), ({'beverages'}, {'bottled water'})]"
"('bottled water', 'berries')","[({'bottled water'}, {'berries'}), ({'berries'}, {'bottled water'})]"
"('bottled water', 'pork')","[({'bottled water'}, {'pork'}), ({'pork'}, {'bottled water'})]"
"('bottled beer', 'chicken')","[({'bottled beer'}, {'chicken'}), ({'chicken'}, {'bottled beer'})]"
"('bottled beer', 'domestic eggs')","[({'bottled beer'}, {'domestic eggs'}), ({'domestic eggs'}, {'bottled beer'})]"
"('bottled beer', 'hamburger meat')","[({'bottled beer'}, {'hamburger meat'}), ({'hamburger meat'}, {'bottled beer'})]"
"('bottled beer', 'newspapers')","[({'bottled beer'}, {'newspapers'}), ({'newspapers'}, {'bottled beer'})]"
"('bottled beer', 'citrus fruit')","[({'bottled beer'}, {'citrus fruit'}), ({'citrus fruit'}, {'bottled beer'})]"
"('bottled beer', 'brown bread')","[({'bottled beer'}, {'brown bread'}), ({'brown bread'}, {'bottled beer'})]"
"('bottled beer', 'fruit/vegetable juice')","[({'bottled beer'}, {'fruit/vegetable juice'}), ({'fruit/vegetable juice'}, {'bottled beer'})]"
"('bottled beer', 'pork')","[({'bottled beer'}, {'pork'}), ({'pork'}, {'bottled beer'})]"
"('chicken', 'domestic eggs')","[({'chicken'}, {'domestic eggs'}), ({'domestic eggs'}, {'chicken'})]"
"('chicken', 'citrus fruit')","[({'chicken'}, {'citrus fruit'}), ({'citrus fruit'}, {'chicken'})]"
"('domestic eggs', 'newspapers')","[({'domestic eggs'}, {'newspapers'}), ({'newspapers'}, {'domestic eggs'})]"
"('domestic eggs', 'coffee')","[({'domestic eggs'}, {'coffee'}), ({'coffee'}, {'domestic eggs'})]"
"('domestic eggs', 'citrus fruit')","[({'domestic eggs'}, {'citrus fruit'}), ({'citrus fruit'}, {'domestic eggs'})]"
"('domestic eggs', 'brown bread')","[({'domestic eggs'}, {'brown bread'}), ({'brown bread'}, {'domestic eggs'})]"
"('domestic eggs', 'fruit/vegetable juice')","[({'domestic eggs'}, {'fruit/vegetable juice'}), ({'fruit/vegetable juice'}, {'domestic eggs'})]"
"('domestic eggs', 'pork')","[({'domestic eggs'}, {'pork'}), ({'pork'}, {'domestic eggs'})]"
"('newspapers', 'citrus fruit')","[({'newspapers'}, {'citrus fruit'}), ({'citrus fruit'}, {'newspapers'})]"
"('coffee', 'citrus fruit')","[({'coffee'}, {'citrus fruit'}), ({'citrus fruit'}, {'coffee'})]"
"('candy', 'citrus fruit')","[({'candy'}, {'citrus fruit'}), ({'citrus fruit'}, {'candy'})]"
"('citrus fruit', 'brown bread')","[({'citrus fruit'}, {'brown bread'}), ({'brown bread'}, {'citrus fruit'})]"
"('citrus fruit', 'napkins')","[({'citrus fruit'}, {'napkins'}), ({'napkins'}, {'citrus fruit'})]"
"('citrus fruit', 'fruit/vegetable juice')","[({'citrus fruit'}, {'fruit/vegetable juice'}), ({'fruit/vegetable juice'}, {'citrus fruit'})]"
"('citrus fruit', 'cream cheese ')","[({'citrus fruit'}, {'cream cheese '}), ({'cream cheese '}, {'citrus fruit'})]"
"('citrus fruit', 'pork')","[({'citrus fruit'}, {'pork'}), ({'pork'}, {'citrus fruit'})]"
"('brown bread', 'pork')","[({'brown bread'}, {'pork'}), ({'pork'}, {'brown bread'})]"
"('soda', 'rolls/buns', 'whole milk')","[({'soda'}, {'whole milk', 'rolls/buns'}), ({'rolls/buns'}, {'whole milk', 'soda'}), ({'whole milk'}, {'rolls/buns', 'soda'}), ({'rolls/buns', 'soda'}, {'whole milk'}), ({'whole milk', 'soda'}, {'rolls/buns'}), ({'whole milk', 'rolls/buns'}, {'soda'})]"
"('soda', 'rolls/buns', 'other vegetables')","[({'soda'}, {'rolls/buns', 'other vegetables'}), ({'rolls/buns'}, {'other vegetables', 'soda'}), ({'other vegetables'}, {'rolls/buns', 'soda'}), ({'rolls/buns', 'soda'}, {'other vegetables'}), ({'other vegetables', 'soda'}, {'rolls/buns'}), ({'rolls/buns', 'other vegetables'}, {'soda'})]"
"('soda', 'sausage', 'whole milk')","[({'soda'}, {'whole milk', 'sausage'}), ({'sausage'}, {'whole milk', 'soda'}), ({'whole milk'}, {'sausage', 'soda'}), ({'sausage', 'soda'}, {'whole milk'}), ({'whole milk', 'soda'}, {'sausage'}), ({'whole milk', 'sausage'}, {'soda'})]"
"('soda', 'whole milk', 'other vegetables')","[({'soda'}, {'whole milk', 'other vegetables'}), ({'whole milk'}, {'other vegetables', 'soda'}), ({'other vegetables'}, {'whole milk', 'soda'}), ({'whole milk', 'soda'}, {'other vegetables'}), ({'other vegetables', 'soda'}, {'whole milk'}), ({'whole milk', 'other vegetables'}, {'soda'})]"
"('rolls/buns', 'sausage', 'whole milk')","[({'rolls/buns'}, {'whole milk', 'sausage'}), ({'sausage'}, {'whole milk', 'rolls/buns'}), ({'whole milk'}, {'rolls/buns', 'sausage'}), ({'rolls/buns', 'sausage'}, {'whole milk'}), ({'whole milk', 'rolls/buns'}, {'sausage'}), ({'whole milk', 'sausage'}, {'rolls/buns'})]"
"('rolls/buns', 'yogurt', 'whole milk')","[({'rolls/buns'}, {'whole milk', 'yogurt'}), ({'yogurt'}, {'whole milk', 'rolls/buns'}), ({'whole milk'}, {'rolls/buns', 'yogurt'}), ({'rolls/buns', 'yogurt'}, {'whole milk'}), ({'whole milk', 'rolls/buns'}, {'yogurt'}), ({'whole milk', 'yogurt'}, {'rolls/buns'})]"
"('rolls/buns', 'whole milk', 'other vegetables')","[({'rolls/buns'}, {'whole milk', 'other vegetables'}), ({'whole milk'}, {'rolls/buns', 'other vegetables'}), ({'other vegetables'}, {'whole milk', 'rolls/buns'}), ({'whole milk', 'rolls/buns'}, {'other vegetables'}), ({'rolls/buns', 'other vegetables'}, {'whole milk'}), ({'whole milk', 'other vegetables'}, {'rolls/buns'})]"
"('sausage', 'yogurt', 'whole milk')","[({'sausage'}, {'whole milk', 'yogurt'}), ({'yogurt'}, {'whole milk', 'sausage'}), ({'whole milk'}, {'sausage', 'yogurt'}), ({'sausage', 'yogurt'}, {'whole milk'}), ({'whole milk', 'sausage'}, {'yogurt'}), ({'whole milk', 'yogurt'}, {'sausage'})]"
"('yogurt', 'whole milk', 'other vegetables')","[({'yogurt'}, {'whole milk', 'other vegetables'}), ({'whole milk'}, {'yogurt', 'other vegetables'}), ({'other vegetables'}, {'whole milk', 'yogurt'}), ({'whole milk', 'yogurt'}, {'other vegetables'}), ({'other vegetables', 'yogurt'}, {'whole milk'}), ({'whole milk', 'other vegetables'}, {'yogurt'})]"
